,P000197
2016-01-13,0.0
2016-01-14,-0.02352472930339436
2016-01-15,-0.024340689788315842
2016-01-18,0.0
2016-01-19,0.0
2016-01-20,-0.031659559999277
2016-01-21,0.014047617960999695
2016-01-22,0.02467012103872724
2016-01-25,0.01709992070520811
2016-01-26,-0.01265354836887989
2016-01-27,-0.015170119264238148
2016-01-28,-0.017476505490306223
2016-01-29,0.00013169307114799505
2016-02-01,0.013478911386844723
2016-02-02,-0.011121604920422237
2016-02-03,-0.0016688509093651554
2016-02-04,0.01135544588281863
2016-02-05,0.005813929533215124
2016-02-08,-0.032038197527592294
2016-02-09,-0.006790916943701339
2016-02-10,-0.00328104363067404
2016-02-11,-0.016784757948188404
2016-02-12,0.028109281697649702
2016-02-15,0.0
2016-02-16,0.0
2016-02-17,0.015171024171576683
2016-02-18,0.02547585836577926
2016-02-19,-0.020127748450728632
2016-02-22,0.0004597742444636796
2016-02-23,0.00830837952636231
2016-02-24,-0.022137229410797835
2016-02-25,0.017721904201031567
2016-02-26,0.004891638642391604
2016-02-29,-0.0038385477213581974
2016-03-01,0.007173276108285954
2016-03-02,0.023872357764482408
2016-03-03,0.0009627183647785335
2016-03-04,0.015085079083139032
2016-03-07,-0.0020742782859863515
2016-03-08,-0.006035830054476203
2016-03-09,-0.0020707024373687473
2016-03-10,0.00018730471970695192
2016-03-11,0.002203351449886558
2016-03-14,0.0002824128403365019
2016-03-15,0.010466162769221528
2016-03-16,0.0038404192408392993
2016-03-17,0.004960576288638859
2016-03-18,0.01253439353475548
2016-03-21,-0.007228853137049185
2016-03-22,-0.009932122945738437
2016-03-23,0.006509076789844279
2016-03-24,-0.010728909721319582
2016-03-25,0.0
2016-03-28,0.0
2016-03-29,-0.0026716935874894947
2016-03-30,0.02251546614585299
2016-03-31,0.005480129881576646
2016-04-01,-0.0053441331792551516
2016-04-04,0.010068372487954315
2016-04-05,-0.016456967229542818
2016-04-06,0.003855406272203297
2016-04-07,-0.0004967622650421324
2016-04-08,-0.007200631141523204
2016-04-11,0.0018276983507766994
2016-04-12,-0.001655293991476293
2016-04-13,0.015764474119529068
2016-04-14,0.012677264135146537
2016-04-15,-0.004268684713441275
2016-04-18,-0.008777006749810386
2016-04-19,0.00741042492709847
2016-04-20,-0.0007471178504511872
2016-04-21,0.003009871667970041
2016-04-22,-0.010429043855901727
2016-04-25,0.002087062315147806
2016-04-26,2.709677749685238e-05
2016-04-27,-0.0351455545746947
2016-04-28,0.005295837750223261
2016-04-29,-0.021365126126638465
2016-05-02,-0.003232891786677076
2016-05-03,0.004031176953895554
2016-05-04,0.002564305728371039
2016-05-05,-5.3948824151195916e-05
2016-05-06,-0.0008025717055617082
2016-05-09,0.0051949263055150775
2016-05-10,-0.0004896990775503441
2016-05-11,-0.01847998422097776
2016-05-12,0.0010601065415000409
2016-05-13,-0.018521293498734694
2016-05-16,0.006886755449623907
2016-05-17,0.01684771115641211
2016-05-18,-0.006718538588952262
2016-05-19,1.7902345876967308e-05
2016-05-20,0.0014201926044710626
2016-05-23,0.010684681028853256
2016-05-24,0.008885743608429628
2016-05-25,0.01151831481953123
2016-05-26,0.006723886878723569
2016-05-27,-0.0018718433141770624
2016-05-30,0.0
2016-05-31,0.0
2016-06-01,-0.007821628811052162
2016-06-02,-0.011587166069349057
2016-06-03,0.00330341140509339
2016-06-06,0.0023769864110780928
2016-06-07,0.00870686978046476
2016-06-08,-0.0032619910694058115
2016-06-09,-0.0057686962370813435
2016-06-10,-0.002079928311418571
2016-06-13,-0.00028972450400623767
2016-06-14,-0.0077043437183235905
2016-06-15,0.006819984054007802
2016-06-16,-0.010660882803829652
2016-06-17,0.0032542528745253766
2016-06-20,0.0013786917877166283
2016-06-21,-0.00852660215864314
2016-06-22,0.007025927069157418
2016-06-23,-0.0009358213274102547
2016-06-24,-0.0325526540168208
2016-06-27,-0.0031731562108938804
2016-06-28,0.0012148604931128636
2016-06-29,0.012741579897175748
2016-06-30,0.003988033685792373
2016-07-01,0.009643373032904618
2016-07-04,0.0
2016-07-05,0.0
2016-07-06,-0.008146353042220231
2016-07-07,0.012353915187015745
2016-07-08,0.011034534104506838
2016-07-11,0.0036435391208309528
2016-07-12,0.004163288601509687
2016-07-13,0.0025783012980607413
2016-07-14,-0.00026960110969930065
2016-07-15,0.010473379302772874
2016-07-18,-0.003208842536661076
2016-07-19,0.0055084264718720695
2016-07-20,-0.000927427953958611
2016-07-21,-0.002755546879778445
2016-07-22,-0.0030593923348319805
2016-07-25,-0.008443405892203342
2016-07-26,-0.0126994707612637
2016-07-27,0.050198377914603486
2016-07-28,-0.010240952219364495
2016-07-29,0.00691539454543618
2016-08-01,0.0024510472367927816
2016-08-02,0.007697889134859372
2016-08-03,-0.008808909411828651
2016-08-04,0.010184102888415847
2016-08-05,0.0039031713762881348
2016-08-08,0.010322466333495506
2016-08-09,0.0026682100048040446
2016-08-10,0.006756767380673119
2016-08-11,0.004005340921353224
2016-08-12,-0.00583585991205019
2016-08-15,0.0006253387259930104
2016-08-16,0.007507743181819307
2016-08-17,-0.003291775101916385
2016-08-18,0.0008974710372847724
2016-08-19,-0.004424731187489238
2016-08-22,0.000793682016541496
2016-08-23,-0.0028284104167299075
2016-08-24,-0.0005388002753911039
2016-08-25,-0.008599596025968926
2016-08-26,0.0002633865901691176
2016-08-29,-0.006959159876045254
2016-08-30,-0.0061790254536488246
2016-08-31,-0.001163476481779219
2016-09-01,0.003169150169081722
2016-09-02,0.009868823710133595
2016-09-05,0.0
2016-09-06,0.0
2016-09-07,-0.00237178736650469
2016-09-08,-0.005323730535129095
2016-09-09,-0.016152768760257844
2016-09-12,-0.01820343510426356
2016-09-13,0.03547823443400167
2016-09-14,0.005952909929982583
2016-09-15,0.02976207993532515
2016-09-16,0.007920168352748886
2016-09-19,0.0023199964989759677
2016-09-20,-0.012744327111229317
2016-09-21,0.005796349159380759
2016-09-22,0.0019600136636454013
2016-09-23,0.0016303749761010008
2016-09-26,-0.01834665344184624
2016-09-27,0.006174745881246659
2016-09-28,0.003418146662618783
2016-09-29,-0.0016909011424275577
2016-09-30,-0.0036175379831368017
2016-10-03,0.002168203934123038
2016-10-04,0.0019981541265949275
2016-10-05,0.003771693793446947
2016-10-06,0.00108242884444698
2016-10-07,0.004690602488922688
2016-10-10,0.0028512034365094055
2016-10-11,0.014203113825228908
2016-10-12,-0.00360706711341495
2016-10-13,-0.006555181346514393
2016-10-14,0.00922726018096259
2016-10-17,-0.004635903444014822
2016-10-18,0.005011850575734193
2016-10-19,-0.005720180747907366
2016-10-20,-0.0007931767098964615
2016-10-21,-0.0014854930369035228
2016-10-24,0.00953855139075053
2016-10-25,0.0035914112683475222
2016-10-26,-0.023257925314499953
2016-10-27,0.01138598567622034
2016-10-28,-0.008461991661516875
2016-10-31,-0.0018915898978874943
2016-11-01,-0.004457975309301161
2016-11-02,-0.015229598951970675
2016-11-03,0.002165706240798857
2016-11-04,-0.010237274415273055
2016-11-07,0.010483737602105345
2016-11-08,0.00409452800463954
2016-11-09,-0.010497302117694769
2016-11-10,0.016731829063134262
2016-11-11,-0.01577997968274628
2016-11-14,0.004975280940077824
2016-11-15,-0.005894461125420719
2016-11-16,0.0022773576134519024
2016-11-17,0.021872291104901104
2016-11-18,-0.0005464936407823456
2016-11-21,-0.0007327243229952534
2016-11-22,0.008666488648310369
2016-11-23,-0.0025895102246361688
2016-11-24,0.0
2016-11-25,0.0
2016-11-28,0.0011578613632539823
2016-11-29,-0.0014526274905221634
2016-11-30,0.0054720747397246396
2016-12-01,-0.008252883382929543
2016-12-02,-0.00839197176361731
2016-12-05,0.005709854330740315
2016-12-06,0.00023626705051922083
2016-12-07,0.0004066317675033822
2016-12-08,0.015539692965080605
2016-12-09,0.015355416556405599
2016-12-12,0.009424827559935017
2016-12-13,0.0019299365288996228
2016-12-14,0.0051719829718040455
2016-12-15,0.002710207833255373
2016-12-16,0.009058518796666562
2016-12-19,-0.00068341415459838
2016-12-20,0.005222565898504533
2016-12-21,-0.0029076686862694115
2016-12-22,-0.0014531719037046888
2016-12-23,-0.0034653990418798773
2016-12-26,0.0
2016-12-27,0.0
2016-12-28,0.00616657584448628
2016-12-29,-0.008482790667531001
2016-12-30,0.0022322896469238007
2017-01-02,0.0
2017-01-03,0.0
2017-01-04,0.0045297641542091285
2017-01-05,0.002059424743679853
2017-01-06,0.007589741414209352
2017-01-09,0.008407308460543933
2017-01-10,0.0025471864523697774
2017-01-11,0.0018086286895967537
2017-01-12,-0.00039155975049225367
2017-01-13,-0.001782125500487941
2017-01-16,0.0
2017-01-17,0.0
2017-01-18,0.00632429225342702
2017-01-19,-0.0014354741865737189
2017-01-20,0.004102142043684853
2017-01-23,-0.0025216463608003672
2017-01-24,-0.0029347748632985275
2017-01-25,0.008054208629769383
2017-01-26,0.006858778649442347
2017-01-27,0.0034378111946502094
2017-01-30,-0.0023950748641653166
2017-01-31,0.003427506900689107
2017-02-01,0.032718194395017386
2017-02-02,0.00649146647101756
2017-02-03,0.0007897039488241669
2017-02-06,0.0013150707051602887
2017-02-07,0.006460443949900383
2017-02-08,0.0038631400272694807
2017-02-09,0.002715984141315625
2017-02-10,0.005172067807912711
2017-02-13,0.001900945784798054
2017-02-14,0.004554543382180458
2017-02-15,0.010573430780072073
2017-02-16,0.002041852257828502
2017-02-17,-0.003102716750817328
2017-02-20,0.0
2017-02-21,0.0
2017-02-22,0.00022058686573382755
2017-02-23,0.006495946310395626
2017-02-24,-0.009188586587397381
2017-02-27,0.006975938992827911
2017-02-28,-7.93603628628967e-05
2017-03-01,0.0059396509553340205
2017-03-02,0.011225202798651156
2017-03-03,-0.007040427806272312
2017-03-06,0.0033764834446659633
2017-03-07,-0.0016936832695921232
2017-03-08,-1.5448966716648364e-05
2017-03-09,-0.0009168748307072514
2017-03-10,0.003953210125794086
2017-03-13,-0.003351150839367553
2017-03-14,0.004594664256186651
2017-03-15,0.002614706428799373
2017-03-16,0.005523211624568647
2017-03-17,0.0004054350759978601
2017-03-20,-0.002240952001079105
2017-03-21,0.010796626691846957
2017-03-22,-0.013906644707057386
2017-03-23,0.006303872466472133
2017-03-24,0.0031920157904679566
2017-03-27,-0.0116911118000007
2017-03-28,0.009624893596819749
2017-03-29,0.013282844311643074
2017-03-30,0.001982034997243185
2017-03-31,-0.000780745442125192
2017-04-03,0.0004845390945357104
2017-04-04,-0.0022223168218829087
2017-04-05,0.005781037008358574
2017-04-06,-0.0018187914516684556
2017-04-07,-0.002676133671735925
2017-04-10,-0.0006622414022628459
2017-04-11,-0.0004633528767444157
2017-04-12,-0.008155756340429301
2017-04-13,0.0014891865896082136
2017-04-14,0.0
2017-04-17,0.0
2017-04-18,0.00011163911977804227
2017-04-19,0.005387747239727015
2017-04-20,-0.004235615187823317
2017-04-21,0.006372402269392602
2017-04-24,0.007525608182223142
2017-04-25,-0.0025199437117242227
2017-04-26,0.007488713136620095
2017-04-27,-0.0013827136749443643
2017-04-28,0.0009892285972695862
2017-05-01,0.003867440192862752
2017-05-02,0.009134155517240299
2017-05-03,-0.01124849153898385
2017-05-04,-0.005826458151852807
2017-05-05,0.0038350531345963113
2017-05-08,0.013002438421917471
2017-05-09,0.019159679398978485
2017-05-10,-0.008659579916482184
2017-05-11,-0.00012700902479509708
2017-05-12,0.010021507885192243
2017-05-15,0.005433046273221813
2017-05-16,-0.0021219641545522343
2017-05-17,-0.01351630941376108
2017-05-18,-0.016287096055128524
2017-05-19,0.011752474006261551
2017-05-22,0.00547364394419689
2017-05-23,0.0039886950776859935
2017-05-24,-0.006202442609596081
2017-05-25,0.0025720260826712425
2017-05-26,-0.0001240953861714531
2017-05-29,0.0
2017-05-30,0.0
2017-05-31,0.0021132312070284687
2017-06-01,-0.0055240543476945125
2017-06-02,0.004043380009094623
2017-06-05,-0.001065310356039524
2017-06-06,-0.0046097924552618704
2017-06-07,0.0036588230025061783
2017-06-08,0.0013985047580265027
2017-06-09,-0.005418652544525556
2017-06-12,-0.03631205501419397
2017-06-13,0.011292502169098518
2017-06-14,0.0009490990997304324
2017-06-15,-0.023615011284566074
2017-06-16,0.003209532335941316
2017-06-19,-0.002225514084160764
2017-06-20,0.015503799970756366
2017-06-21,-0.008511952139206467
2017-06-22,0.0020548756873352094
2017-06-23,-0.005394052260026674
2017-06-26,0.012396435553295634
2017-06-27,-0.009263131082221907
2017-06-28,-0.0010514999370438553
2017-06-29,0.002981146405897416
2017-06-30,-0.002634989520233345
2017-07-03,0.0034326001677820028
2017-07-04,0.0
2017-07-05,0.0
2017-07-06,-0.00915819206748705
2017-07-07,-0.003258038933819199
2017-07-10,0.005843435136582452
2017-07-11,0.003952656272359961
2017-07-12,0.007693152482925697
2017-07-13,-0.001638754399464212
2017-07-14,0.012684184261218529
2017-07-17,0.0060797108958754835
2017-07-18,0.0005602383919531312
2017-07-19,0.010090638098179467
2017-07-20,0.0071099131593695165
2017-07-21,-0.007218123032676653
2017-07-24,0.0034401704488150687
2017-07-25,0.006752125537955336
2017-07-26,0.0052188605677518695
2017-07-27,0.004631346578890836
2017-07-28,-0.013513387383739929
2017-07-31,0.00014085650414946818
2017-08-01,-0.0040932549208615
2017-08-02,0.05097982482149387
2017-08-03,-0.013595009163757535
2017-08-04,-0.005347951127326938
2017-08-07,0.0032791348472769955
2017-08-08,0.004937369931306952
2017-08-09,-0.010581652684432612
2017-08-10,0.010414373313481516
2017-08-11,-0.01852709606469896
2017-08-14,0.0168540221699436
2017-08-15,0.003462756723112403
2017-08-16,0.006492037089809723
2017-08-17,-0.005594577267782603
2017-08-18,-0.014678114648927272
2017-08-21,-0.003388000053355908
2017-08-22,0.005389061432771742
2017-08-23,0.006619334634410273
2017-08-24,0.0048019640827755275
2017-08-25,-0.003965573933032575
2017-08-28,0.00426855893892663
2017-08-29,-0.0013825962853704135
2017-08-30,0.018509503219076646
2017-08-31,0.0005361197152587819
2017-09-01,0.0020395208259612707
2017-09-04,0.0
2017-09-05,0.0
2017-09-06,-0.005351617911492566
2017-09-07,-0.0033738108043385065
2017-09-08,-0.018148012427336185
2017-09-11,0.00197473243006476
2017-09-12,0.009068069565265773
2017-09-13,-0.01097267956663671
2017-09-14,-0.0027285438077999952
2017-09-15,-0.004325351039355617
2017-09-18,0.008628441035862983
2017-09-19,-0.003217131697645506
2017-09-20,-0.006221103031365666
2017-09-21,-0.008886243991672269
2017-09-22,-0.022120160701637952
2017-09-25,-0.0075444663682159956
2017-09-26,0.011587543839011899
2017-09-27,0.008300435342083478
2017-09-28,-6.627724557630235e-05
2017-09-29,-0.00554127868799386
2017-10-02,0.008766039730263549
2017-10-03,0.0006477012220928833
2017-10-04,-0.00012634739658759996
2017-10-05,0.002437137914777163
2017-10-06,0.0021283653829157314
2017-10-09,0.006216388065704422
2017-10-10,-0.000829875765076208
2017-10-11,-0.0014577045538218608
2017-10-12,-0.0032439874595231177
2017-10-13,-0.0001247933789937268
2017-10-16,0.007768509068537997
2017-10-17,0.010875554212446462
2017-10-18,0.0029025689830365427
2017-10-19,-0.01759053834309262
2017-10-20,0.002538528463367187
2017-10-23,0.0005114328657627519
2017-10-24,-0.004381784920396777
2017-10-25,0.0017824328472584112
2017-10-26,0.00033121840638012973
2017-10-27,0.010646535508883597
2017-10-30,0.022220100410711378
2017-10-31,0.017892111099478147
2017-11-01,0.009285116587645595
2017-11-02,-0.012552565121578072
2017-11-03,0.03202395697557964
2017-11-06,-0.007000471008576497
2017-11-07,0.014121529986232732
2017-11-08,0.004690791840464647
2017-11-09,-0.0006443067546508407
2017-11-10,0.013010789547425074
2017-11-13,-0.008920085986123164
2017-11-14,-0.0009560513985405435
2017-11-15,-0.01765753639073925
2017-11-16,0.007480661677664367
2017-11-17,-0.001602548875194366
2017-11-20,-0.00280448881413596
2017-11-21,0.0010705560211245872
2017-11-22,0.01193712514319584
2017-11-23,0.0
2017-11-24,0.0
2017-11-27,-0.0008944933024127097
2017-11-28,-0.0033839814318883856
2017-11-29,-0.004894615275502503
2017-11-30,-0.005065261277436731
2017-12-01,-0.003963197573090315
2017-12-04,0.015754956733362364
2017-12-05,-0.007758538493642198
2017-12-06,-0.012307139963531276
2017-12-07,0.0035147529373093277
2017-12-08,0.0065109936061428335
2017-12-11,-0.005770130921153862
2017-12-12,0.018487725757194547
2017-12-13,0.003881469685739408
2017-12-14,-0.0024227050284129333
2017-12-15,0.01627913783650625
2017-12-18,0.0050869475184496075
2017-12-19,-0.0004965304943910918
2017-12-20,-3.4344173844449045e-05
2017-12-21,-0.008342734499122439
2017-12-22,0.0012533139361538507
2017-12-25,0.0
2017-12-26,0.0
2017-12-27,-0.0029474151461998006
2017-12-28,0.002236231845933701
2017-12-29,-0.001716959776823461
2018-01-01,0.0
2018-01-02,0.0
2018-01-03,0.019198510796141616
2018-01-04,0.0022963359025833315
2018-01-05,0.0026806802018587237
2018-01-08,-0.0017972443495605495
2018-01-09,-0.001519781011348707
2018-01-10,-0.0058237821628607045
2018-01-11,0.006384815306596961
2018-01-12,0.009306435923759031
2018-01-15,0.0
2018-01-16,0.0
2018-01-17,-0.012070806856879149
2018-01-18,0.013805462144750766
2018-01-19,-0.005121898988087993
2018-01-22,-0.006992153051709794
2018-01-23,2.110541682212114e-08
2018-01-24,0.001897729416642403
2018-01-25,-0.011387076811825908
2018-01-26,-0.008956002434176373
2018-01-29,-0.003251002585529095
2018-01-30,-0.020161846541554028
2018-01-31,0.0013879949536157049
2018-02-01,-0.0032225407112145277
2018-02-02,-0.0031502766327351226
2018-02-05,-0.038437033824388914
2018-02-06,-0.029351261129567246
2018-02-07,0.052301720890487145
2018-02-08,-0.01811163828534421
2018-02-09,-0.018412083954613058
2018-02-12,0.00997490100482098
2018-02-13,0.014930675898485509
2018-02-14,0.007040759189125946
2018-02-15,0.03673459880144502
2018-02-16,0.01178618834907983
2018-02-19,0.0
2018-02-20,0.0
2018-02-21,0.0029314127017966915
2018-02-22,-0.006069865137743291
2018-02-23,0.009543450277775294
2018-02-26,0.016600952884096545
2018-02-27,0.012475006985117113
2018-02-28,-0.004007739888519419
2018-03-01,-0.007480440612671696
2018-03-02,-0.028045387454430644
2018-03-05,0.01254966793238246
2018-03-06,0.014840012089319777
2018-03-07,-0.013893784899786373
2018-03-08,0.002990168543643169
2018-03-09,0.012152668830119282
2018-03-12,0.011029551894878692
2018-03-13,0.012325680288844195
2018-03-14,-0.012402557998605845
2018-03-15,-0.009088663190043436
2018-03-16,-0.00017385785962637393
2018-03-19,-0.007423483620616657
2018-03-20,-0.0118355711135598
2018-03-21,-0.0009919939083892098
2018-03-22,-0.023448523822042912
2018-03-23,-0.008445195441799853
2018-03-26,-0.0034833691710302143
2018-03-27,0.02874595497523628
2018-03-28,-0.03235360788795434
2018-03-29,0.0016933076022591967
2018-03-30,0.0
2018-04-02,0.0
2018-04-03,0.0020456976005474854
2018-04-04,-0.01392006952317922
2018-04-05,0.043314036098824095
2018-04-06,-0.006930549002217973
2018-04-09,-0.006930479188553494
2018-04-10,0.01512969872808756
2018-04-11,-0.0038380067684252775
2018-04-12,0.006751114180578266
2018-04-13,0.005491811174136396
2018-04-16,0.0005305452959274637
2018-04-17,0.007686092025404716
2018-04-18,0.0088887132751015
2018-04-19,-0.021474979850511677
2018-04-20,-0.014192173335687588
2018-04-23,-0.018924475285487793
2018-04-24,-0.005502672450398809
2018-04-25,-0.016875623154796675
2018-04-26,0.010856360578828852
2018-04-27,-0.0034495732550291875
2018-04-30,-0.007859223060873118
2018-05-01,0.02066058023291966
2018-05-02,0.04238158623340782
2018-05-03,0.0008512686825264178
2018-05-04,0.009972355943753345
2018-05-07,0.03847819580964227
2018-05-08,-0.003068198060143293
2018-05-09,0.00882128856410051
2018-05-10,0.0015237652581931195
2018-05-11,0.013498510714815443
2018-05-14,-0.0009469882580587235
2018-05-15,-0.009438689763784126
2018-05-16,-0.0014594142611888462
2018-05-17,0.012133167846360739
2018-05-18,-0.005138098569220047
2018-05-21,0.003231444596855528
2018-05-22,0.0019624356350675886
2018-05-23,-0.01091956576175896
2018-05-24,0.009633120349465351
2018-05-25,-0.003377931020559026
2018-05-28,0.0
2018-05-29,0.0
2018-05-30,0.0004122738412777289
2018-05-31,-0.003603443096250134
2018-06-01,0.003150015390025878
2018-06-04,0.01567326972927914
2018-06-05,0.007172241636961667
2018-06-06,0.0017224235754026269
2018-06-07,0.005805012489024685
2018-06-08,-0.011885464024728816
2018-06-11,0.004358203392920057
2018-06-12,0.0017065998084028137
2018-06-13,0.0013833520267859474
2018-06-14,0.0026814136025994986
2018-06-15,-0.0031164785582336123
2018-06-18,-0.011214465566480758
2018-06-19,-0.013779125297910973
2018-06-20,0.007363059060329616
2018-06-21,0.003882408047555844
2018-06-22,-0.006584531081408952
2018-06-25,-0.011823468052418488
2018-06-26,-0.004694015203578093
2018-06-27,0.009869378370875833
2018-06-28,-0.006009729432709004
2018-06-29,0.011479987876341548
2018-07-02,-0.012093921261830967
2018-07-03,0.020600049084121462
2018-07-04,0.0
2018-07-05,0.0
2018-07-06,0.0019137728447909935
2018-07-09,0.018579014993875553
2018-07-10,0.0074700672186711935
2018-07-11,-0.011021503880715173
2018-07-12,0.009555933514042159
2018-07-13,0.006449834359555753
2018-07-16,0.005212471704828441
2018-07-17,-0.006592064982468111
2018-07-18,0.008649173087105099
2018-07-19,-0.006488236445837715
2018-07-20,0.009908068428363174
2018-07-23,-0.0065500457501314075
2018-07-24,0.008848658911484333
2018-07-25,0.00039001286551914037
2018-07-26,0.00915224294483542
2018-07-27,0.004861407505562323
2018-07-30,-0.01583550227365869
2018-07-31,-0.006046190266273868
2018-08-01,0.039128275491073464
2018-08-02,0.0037493932813854936
2018-08-03,0.026969838182744527
2018-08-06,0.006327778982309887
2018-08-07,0.008408494290588407
2018-08-08,-0.01364720779919636
2018-08-09,0.010318933373487535
2018-08-10,-0.006332829310908979
2018-08-13,0.005903312246381058
2018-08-14,0.002751678939056611
2018-08-15,-0.0039342874776851725
2018-08-16,0.011670776741878209
2018-08-17,0.004990390335987889
2018-08-20,0.018212997182071967
2018-08-21,-0.005972796867761746
2018-08-22,-0.009624553073390931
2018-08-23,0.0011656435875657665
2018-08-24,0.006713867227531344
2018-08-27,0.003572008058448123
2018-08-28,0.006994823767545372
2018-08-29,0.004181865818722074
2018-08-30,0.010358984111034971
2018-08-31,0.01137858557844774
2018-09-03,0.0
2018-09-04,0.0
2018-09-05,-0.0001511745129559412
2018-09-06,-0.010691513942628595
2018-09-07,-0.015342961740201161
2018-09-10,-0.0007746570091138095
2018-09-11,-0.012494236473274176
2018-09-12,0.024604161972701294
2018-09-13,-0.004802795719571379
2018-09-14,0.010398000655379228
2018-09-17,-0.015302484060996525
2018-09-18,-0.017404424855027554
2018-09-19,0.00384889311402974
2018-09-20,0.008051371952809819
2018-09-21,0.0036940248513098878
2018-09-24,-0.015337164474950399
2018-09-25,0.012982464978441856
2018-09-26,0.005749468988968982
2018-09-27,0.012458726768762467
2018-09-28,0.004291209577944467
2018-10-01,0.014062309875312045
2018-10-02,-0.004530971670886678
2018-10-03,0.013377360139423228
2018-10-04,0.0017698254268586138
2018-10-05,-0.011760289951558846
2018-10-08,-0.023331425407263597
2018-10-09,0.007579235469955337
2018-10-10,0.007356655423540664
2018-10-11,-0.04710065205643868
2018-10-12,0.023476403863008644
2018-10-15,0.0028928184391374175
2018-10-16,-0.006131256780490783
2018-10-17,0.015392848251679376
2018-10-18,-0.016776607535325137
2018-10-19,0.0015207415839255127
2018-10-22,0.008677188377932337
2018-10-23,-0.017970251507508167
2018-10-24,0.027564123324810983
2018-10-25,-0.023962820371296087
2018-10-26,-0.0070303293634184465
2018-10-29,0.015117110945354109
2018-10-30,-0.03325305649301257
2018-10-31,0.026875776801322544
2018-11-01,0.0076470485557286845
2018-11-02,-0.036179179270296326
2018-11-05,-0.023088387510348595
2018-11-06,-0.010193385863045436
2018-11-07,0.018446738464380243
2018-11-08,0.02109151313643455
2018-11-09,-0.017661841383934396
2018-11-12,-0.028094084804319106
2018-11-13,-0.033348721732272685
2018-11-14,0.010717404184883716
2018-11-15,-0.02587579261893309
2018-11-16,0.009842760076231076
2018-11-19,-0.0028647460426937266
2018-11-20,-0.056231758368741946
2018-11-21,0.005548455454021312
2018-11-22,0.0
2018-11-23,0.0
2018-11-26,-0.0024546636028279305
2018-11-27,-0.013234574447233912
2018-11-28,0.02741236084510137
2018-11-29,0.03092354556328132
2018-11-30,-0.010176009507401725
2018-12-03,0.02003517443173103
2018-12-04,-0.01775381618331858
2018-12-05,0.0
2018-12-06,0.0
2018-12-07,0.01180650408365574
2018-12-10,-0.04487257848055857
2018-12-11,0.036412036591533845
2018-12-12,-0.006389365255957757
2018-12-13,0.00031839786391136366
2018-12-14,-0.008200989330471288
2018-12-17,-0.018469180708743954
2018-12-18,-0.001950927028250516
2018-12-19,0.002299655300060453
2018-12-20,-0.030938482577012254
2018-12-21,-0.021931442696340547
2018-12-24,-0.05239023169145605
2018-12-25,0.0
2018-12-26,0.0
2018-12-27,0.049363471990721663
2018-12-28,0.012756507341383127
2018-12-31,0.007854633304585634
2019-01-01,0.0
2019-01-02,0.0
2019-01-03,-0.06119291771211724
2019-01-04,0.0027202543489306323
2019-01-07,0.027526922047435454
2019-01-08,0.007210235055385554
2019-01-09,0.010121253100818989
2019-01-10,0.0072104686959922806
2019-01-11,0.0023925484811659916
2019-01-14,-0.012209187648663349
2019-01-15,-0.0026363281230597805
2019-01-16,0.015415935669868132
2019-01-17,0.005583017629101024
2019-01-18,0.020012760893484798
2019-01-21,0.0
2019-01-22,0.0
2019-01-23,-0.011999015538350354
2019-01-24,-0.0004405612660824099
2019-01-25,0.008307572697679004
2019-01-28,0.0009487344455793072
2019-01-29,0.0024595296706856934
2019-01-30,0.03880438743196313
2019-01-31,0.01510266844358359
2019-02-01,0.006600517371604983
2019-02-04,0.001733184088492763
2019-02-05,0.02917001134279348
2019-02-06,0.011102476953933373
2019-02-07,-0.014346597382307622
2019-02-08,-0.014292610642631107
2019-02-11,0.012148474467470204
2019-02-12,-0.006604255515992107
2019-02-13,0.005535463162201492
2019-02-14,-0.007878612128369
2019-02-15,0.009703740003501826
2019-02-18,0.0
2019-02-19,0.0
2019-02-20,0.008394345389749983
2019-02-21,0.0028980544847818685
2019-02-22,0.00023498395237438587
2019-02-25,0.014236870046138257
2019-02-26,-0.004390688758538654
2019-02-27,-0.0031233243528693264
2019-02-28,0.005386134314695236
2019-03-01,0.0004080102809339631
2019-03-04,0.008148054049617229
2019-03-05,0.0010378319354251606
2019-03-06,-0.006567841695036563
2019-03-07,-0.003075838455511993
2019-03-08,-0.019378247839183852
2019-03-11,0.02719962351331075
2019-03-12,0.02323223184244318
2019-03-13,0.011068154531809858
2019-03-14,0.007138120377394698
2019-03-15,0.00493644207430862
2019-03-18,0.0028920508255224934
2019-03-19,0.01192054817881755
2019-03-20,-0.01277066182056268
2019-03-21,0.01756965740221253
2019-03-22,0.022487730562029733
2019-03-25,-0.016971494244700968
2019-03-26,0.0005818141906439134
2019-03-27,-0.010921279588261147
2019-03-28,0.0010969251144804602
2019-03-29,0.005159999316185235
2019-04-01,0.008376562312441691
2019-04-02,-0.0007637676078281007
2019-04-03,0.009393495313337804
2019-04-04,0.007571789225663248
2019-04-05,0.00936635473907298
2019-04-08,-0.00010078580918292298
2019-04-09,0.018036616478328684
2019-04-10,-0.00503377678236175
2019-04-11,0.00971659222314357
2019-04-12,0.0036201673722748014
2019-04-15,0.0003452399119821469
2019-04-16,0.004545181213593515
2019-04-17,-0.0014896785240921182
2019-04-18,0.01758585792059447
2019-04-19,0.0
2019-04-22,0.0
2019-04-23,0.008314482099644093
2019-04-24,0.012278726143031665
2019-04-25,-0.00012383464108879118
2019-04-26,-0.005080325290225255
2019-04-29,0.0010099551831569556
2019-04-30,-0.008435047218404584
2019-05-01,0.027923199406635263
2019-05-02,-0.002084963410903155
2019-05-03,0.0042304235080297395
2019-05-06,-0.02986131508374068
2019-05-07,0.009460179213971248
2019-05-08,-0.018623699363744348
2019-05-09,-0.005068104695215991
2019-05-10,-0.011561844323990643
2019-05-13,-0.044455679072422635
2019-05-14,-0.00413951987500939
2019-05-15,-0.0015653396124383704
2019-05-16,0.019682821874723803
2019-05-17,-0.014681872930324882
2019-05-20,-0.01597099832253858
2019-05-21,0.008403072713108063
2019-05-22,-0.003341791177449478
2019-05-23,-0.024065803444919605
2019-05-24,0.0023138838670982327
2019-05-27,0.0
2019-05-28,0.0
2019-05-29,-0.013399003758895607
2019-05-30,0.007512467537314478
2019-05-31,-0.00932963041025537
2019-06-03,-0.002116104917504523
2019-06-04,0.0005569329112314865
2019-06-05,0.045924720663552424
2019-06-06,-0.004682538853518388
2019-06-07,0.017391371548665994
2019-06-10,0.02602744051935127
2019-06-11,0.012752537868110512
2019-06-12,-0.006357536108330031
2019-06-13,0.006029919827971887
2019-06-14,-0.010441067772295087
2019-06-17,0.005075418270763259
2019-06-18,0.015336049596732942
2019-06-19,0.014017883472380307
2019-06-20,0.005236856021396031
2019-06-21,-0.006882420418217552
2019-06-24,-0.0027557873999068012
2019-06-25,-0.001466299895904736
2019-06-26,-0.0017055921321471844
2019-06-27,0.01171940147453817
2019-06-28,-0.00844334960250086
2019-07-01,0.02070700877686727
2019-07-02,-0.006734415626768823
2019-07-03,0.009273138569013573
2019-07-04,0.0
2019-07-05,0.0
2019-07-08,-0.009147418167675754
2019-07-09,-0.007636892544060319
2019-07-10,0.013290632826878925
2019-07-11,0.0063972545088411235
2019-07-12,-0.0038874822029736447
2019-07-15,0.005371750417502947
2019-07-16,0.0007653498675630398
2019-07-17,-0.003320924606348039
2019-07-18,-0.014725240521146491
2019-07-19,0.0065294303430126766
2019-07-22,-0.012778254222718397
2019-07-23,0.01848561975439252
2019-07-24,-0.003475546526207177
2019-07-25,0.00755730770470389
2019-07-26,4.910545270198229e-05
2019-07-29,0.00753358959822762
2019-07-30,-0.0009932204425793522
2019-07-31,0.026588208313905175
2019-08-01,-0.01063182359044023
2019-08-02,-0.034572872970083365
2019-08-05,-0.03227648632565608
2019-08-06,-0.00572120646701734
2019-08-07,-0.01077154440327323
2019-08-08,0.0246216595579876
2019-08-09,0.007568313441246445
2019-08-12,-0.00925321605764576
2019-08-13,0.005153340572755579
2019-08-14,0.00769796754116019
2019-08-15,-0.003204773318278705
2019-08-16,0.003330094152062585
2019-08-19,0.029182833657163572
2019-08-20,-0.0024599104313911056
2019-08-21,0.00776911160933797
2019-08-22,0.000952432690103903
2019-08-23,-0.015638404405835502
2019-08-26,-0.014250161729498381
2019-08-27,0.008601034823170567
2019-08-28,-0.017381239088621343
2019-08-29,0.02225495577873965
2019-08-30,0.007752986793060957
2019-09-02,0.0
2019-09-03,0.0
2019-09-04,0.007850394360271731
2019-09-05,0.012982943996965226
2019-09-06,0.010816056076792702
2019-09-09,0.003782849003717182
2019-09-10,-0.006085662905406412
2019-09-11,0.01116813560547436
2019-09-12,0.02598601419415208
2019-09-13,-0.01481939883508506
2019-09-16,-0.007898595604122094
2019-09-17,0.007668657989997243
2019-09-18,0.004573423989118408
2019-09-19,0.002531269638066054
2019-09-20,-0.009733264940445862
2019-09-23,-0.01412777208036211
2019-09-24,0.006666948628290988
2019-09-25,-0.01344152800792736
2019-09-26,0.010952144760347105
2019-09-27,-0.0007279575044907317
2019-09-30,0.0005731606212092947
2019-10-01,0.016476000500436683
2019-10-02,-0.01044578608799353
2019-10-03,-0.014308638866781357
2019-10-04,0.025925080047901693
2019-10-07,0.005105788028871236
2019-10-08,-0.0014373367426409568
2019-10-09,0.002258035789130698
2019-10-10,0.001520166993990938
2019-10-11,0.0259250743035053
2019-10-14,0.0060263055390208575
2019-10-15,0.004788102330265583
2019-10-16,-0.010424273826766797
2019-10-17,0.016490953320340004
2019-10-18,-0.007309289219021211
2019-10-21,0.0026095223366724143
2019-10-22,0.012660603578286186
2019-10-23,0.001177062167323087
2019-10-24,0.008516712879642162
2019-10-25,-0.005618078372843239
2019-10-28,0.017460544009127863
2019-10-29,0.0055959161184457205
2019-10-30,-0.012867824863400682
2019-10-31,0.010346096500822171
2019-11-01,0.007609487805473914
2019-11-04,0.026665855088262923
2019-11-05,-0.0011969545423952525
2019-11-06,-0.0025161203309511135
2019-11-07,0.009921338586568344
2019-11-08,0.005703740092017402
2019-11-11,-0.0031623346100526297
2019-11-12,0.012581455515983726
2019-11-13,-0.0024203108547308258
2019-11-14,0.012386147826408393
2019-11-15,0.0020272282818408365
2019-11-18,0.006517372794530372
2019-11-19,0.01178464795821619
2019-11-20,-0.008015855576495392
2019-11-21,-0.004274412573014533
2019-11-22,-0.002081002408601536
2019-11-25,0.001458148095107243
2019-11-26,0.01694615561254688
2019-11-27,-0.003937534806752457
2019-11-28,0.0
2019-11-29,0.0
2019-12-02,0.0025364812972916255
2019-12-03,-0.034153149530152895
2019-12-04,0.011766900463164984
2019-12-05,0.006510785268436735
2019-12-06,0.010455945018858825
2019-12-09,0.007964337090218316
2019-12-10,-0.010120102413090698
2019-12-11,0.0016256681713162626
2019-12-12,-0.00213535124124082
2019-12-13,0.012047590676691278
2019-12-16,0.016868348719734885
2019-12-17,0.010004835232423452
2019-12-18,0.0036088297476416487
2019-12-19,0.0008657011167892422
2019-12-20,0.01192958732927824
2019-12-23,-0.004705658244605877
2019-12-24,0.009287111338713185
2019-12-25,0.0
2019-12-26,0.0
2019-12-27,0.0171558635131092
2019-12-30,-0.005958109769651477
2019-12-31,-0.002713386913102737
2020-01-01,0.0
2020-01-02,0.0
2020-01-03,0.003469962171220091
2020-01-06,-0.010691775755486112
2020-01-07,0.020950876402820746
2020-01-08,-0.008976866701330308
2020-01-09,0.03065450572096374
2020-01-10,0.006035784748696126
2020-01-13,0.00042715615047282895
2020-01-14,0.01581936599797635
2020-01-15,-0.011974538675975671
2020-01-16,0.005448268126428523
2020-01-17,0.006182976513754064
2020-01-20,0.0
2020-01-21,0.0
2020-01-22,0.001135328475296617
2020-01-23,-0.004440099194993001
2020-01-24,0.011638617696596134
2020-01-27,-0.029901682336492288
2020-01-28,0.006872505337682365
2020-01-29,0.03219547975316132
2020-01-30,-0.014702058992933066
2020-01-31,0.005717657410028523
2020-02-03,-0.03923505180275427
2020-02-04,0.03707460813617192
2020-02-05,0.025448535526736583
2020-02-06,-0.00746896564540566
2020-02-07,-3.17482054096951e-05
2020-02-10,-0.020445744512300593
2020-02-11,0.02741765916303873
2020-02-12,-0.005274249071626259
2020-02-13,0.006382397730794934
2020-02-14,0.002593750011103723
2020-02-17,0.0
2020-02-18,0.0
2020-02-19,0.014514978411172469
2020-02-20,0.00753735768143428
2020-02-21,-0.011409221321760003
2020-02-24,-0.06360236248132956
2020-02-25,0.01257117851017625
2020-02-26,-0.04530541160049677
2020-02-27,-0.019432117874623372
2020-02-28,-0.07198374148891735
2020-03-02,0.08060621770032302
2020-03-03,0.06028677224938454
2020-03-04,-0.02209964311220176
2020-03-05,-0.00406958136543589
2020-03-06,-0.046354246705315384
2020-03-09,-0.058771507360316534
2020-03-10,0.042752450963831026
2020-03-11,0.0011382063879561506
2020-03-12,-0.08318937411472323
2020-03-13,0.03360871290751231
2020-03-16,-0.08402362192103442
2020-03-17,0.02039428354287858
2020-03-18,-0.03451260487423147
2020-03-19,0.032634401224579786
2020-03-20,0.017951028609475506
2020-03-23,-0.07103064943168322
2020-03-24,0.045550882530961415
2020-03-25,0.05108068284021842
2020-03-26,-0.017230708293509294
2020-03-27,0.022843775732115126
2020-03-30,-0.008449526631255453
2020-03-31,0.020742469505788414
2020-04-01,-0.03157296162017227
2020-04-02,-0.022062534771244802
2020-04-03,0.011673066756602646
2020-04-06,0.025367320384498286
2020-04-07,0.07479602376719108
2020-04-08,-0.02768306525962193
2020-04-09,0.02369435992419981
2020-04-10,0.0
2020-04-13,0.0
2020-04-14,0.04150811488668028
2020-04-15,0.009374654995983505
2020-04-16,0.018986520615790252
2020-04-17,-0.004187462285297393
2020-04-20,-0.019002611427285314
2020-04-21,-0.007586855013557705
2020-04-22,-0.008485160421450253
2020-04-23,0.004200359132639378
2020-04-24,0.005017931426329862
2020-04-27,0.014780345362557758
2020-04-28,0.012944792311190629
2020-04-29,0.0001421826739726103
2020-04-30,0.014086897466745513
2020-05-01,-0.011149276768538451
2020-05-04,0.00249106876735753
2020-05-05,0.01835410788719105
2020-05-06,0.014720942092448733
2020-05-07,0.008806628578019532
2020-05-08,0.01662638121836141
2020-05-11,0.004460946346532944
2020-05-12,0.024976921582853435
2020-05-13,-0.021026438374114772
2020-05-14,-0.01954206939805362
2020-05-15,-0.004659409294844088
2020-05-18,0.042178595280636444
2020-05-19,0.007214817444975806
2020-05-20,0.005273383826858223
2020-05-21,0.007441552880858963
2020-05-22,-0.011445172560228947
2020-05-25,0.0
2020-05-26,0.0
2020-05-27,-0.01848886460585072
2020-05-28,-0.0005278681929831953
2020-05-29,0.001221996563570243
2020-06-01,-0.000911427027671999
2020-06-02,0.010672063799373261
2020-06-03,0.009646556100375313
2020-06-04,-0.0003259298035988336
2020-06-05,-0.003842417662609381
2020-06-08,0.015751966471393923
2020-06-09,0.007465846097508489
2020-06-10,0.033715488136856375
2020-06-11,-0.00792538606099067
2020-06-12,-0.011877869681448416
2020-06-15,-0.029552534060744144
2020-06-16,0.05101511688682187
2020-06-17,0.008936233271703047
2020-06-18,-0.006746936458983402
2020-06-19,0.00831946875393003
2020-06-22,-0.01150980206539834
2020-06-23,0.03107711789643585
2020-06-24,0.0009131260473274792
2020-06-25,-0.018893129913432283
2020-06-26,0.012741956554418244
2020-06-29,-0.031040763719963387
2020-06-30,0.016964480083408687
2020-07-01,0.01440192460945088
2020-07-02,0.019824998967247508
2020-07-03,0.0
2020-07-06,0.0
2020-07-07,0.010743944957441744
2020-07-08,0.003172953930662673
2020-07-09,0.020916758620673048
2020-07-10,-0.003399496547876595
2020-07-13,0.026473568937323423
2020-07-14,-0.03945544453982915
2020-07-15,0.03537098163336974
2020-07-16,-0.018574657807051698
2020-07-17,-0.0009253791160492987
2020-07-20,-0.003444985524974744
2020-07-21,0.027766699658371745
2020-07-22,-0.020764162367828277
2020-07-23,0.004127951652783872
2020-07-24,-0.05157995281565847
2020-07-27,0.02468150089624015
2020-07-28,0.008363027726492394
2020-07-29,-0.0049311127717036425
2020-07-30,0.006534892609833064
2020-07-31,0.05400322240301176
2020-08-03,0.03274454195426757
2020-08-04,0.004965872313130841
2020-08-05,0.011342743646505442
2020-08-06,0.009078646589195154
2020-08-07,0.02168122608288065
2020-08-10,-0.010105643597845094
2020-08-11,-0.009011319971652186
2020-08-12,-0.010803757757201252
2020-08-13,0.024214272629399798
2020-08-14,0.00461782196159963
2020-08-17,0.005805404862032973
2020-08-18,-0.005785190705813273
2020-08-19,0.010373091638004607
2020-08-20,-0.007903260091573723
2020-08-21,0.026055371088835343
2020-08-24,0.04671959380331964
2020-08-25,-0.018271194634207805
2020-08-26,0.010984820658468567
2020-08-27,0.022153751418347398
2020-08-28,-0.006784246806511492
2020-08-31,0.005299593055900331
2020-09-01,0.022519597626687714
2020-09-02,0.03177116334224542
2020-09-03,-0.044561806561861754
2020-09-04,-0.044686360547809105
2020-09-07,0.0
2020-09-08,0.0
2020-09-09,0.02823603038005506
2020-09-10,0.013766651454943747
2020-09-11,-0.034515286762900506
2020-09-14,-0.004533892511698664
2020-09-15,0.01951300820169087
2020-09-16,-0.010949995274085071
2020-09-17,-0.04374217396894688
2020-09-18,0.002160066814275582
2020-09-21,-0.03904335232187333
2020-09-22,0.05673391015183861
2020-09-23,-0.002072093755617284
2020-09-24,-0.049867225036813886
2020-09-25,0.020760206071293752
2020-09-28,0.05007916895758836
2020-09-29,-0.0016392081286749534
2020-09-30,-0.004760195745815804
2020-10-01,0.028070973040688545
2020-10-02,-0.028212804209286773
2020-10-05,0.004807315542906867
2020-10-06,0.013683424397591432
2020-10-07,-0.008881743105501657
2020-10-08,0.014800943296702963
2020-10-09,-0.002758290620207547
2020-10-12,0.03275570267805189
2020-10-13,0.031043954286997293
2020-10-14,-0.011975706421250462
2020-10-15,-0.023912981594053466
2020-10-16,0.019007193789038708
2020-10-19,-0.0073525218783345465
2020-10-20,-0.027786584954973142
2020-10-21,0.003712292171589436
2020-10-22,0.007364772473860355
2020-10-23,-0.006098908144210761
2020-10-26,-0.015474392880561282
2020-10-27,0.002370276549965091
2020-10-28,-0.009394056764339201
2020-10-29,-0.019058730714426608
2020-10-30,0.009493209432424037
2020-11-02,-0.0187880950165598
2020-11-03,-0.0023795813624925585
2020-11-04,0.037491426562688314
2020-11-05,0.03740518693123378
2020-11-06,0.004075721627214584
2020-11-09,0.013695121632029834
2020-11-10,-0.0360335997662933
2020-11-11,0.014682321531877441
2020-11-12,0.011749197455566678
2020-11-13,0.0009496217575666834
2020-11-16,-0.006036966265284811
2020-11-17,0.010126886791318785
2020-11-18,-0.0038624461410436527
2020-11-19,-0.008771017628476024
2020-11-20,0.0077014596099606245
2020-11-23,-0.0043576877760993955
2020-11-24,-0.006732406361027515
2020-11-25,0.014940882993599984
2020-11-26,0.0
2020-11-27,0.0
2020-11-30,0.0013697090854067609
2020-12-01,0.022075733959026688
2020-12-02,0.007600945498887624
2020-12-03,0.010236189373433504
2020-12-04,-0.004006713022443558
2020-12-07,0.00017261388730581266
2020-12-08,0.011177172693773166
2020-12-09,0.0025553642222073364
2020-12-10,-0.030741093650471646
2020-12-11,0.024290819109467298
2020-12-14,0.008626819240475217
2020-12-15,0.010640307469257492
2020-12-16,0.017572961387649303
2020-12-17,0.012894855056153119
2020-12-18,0.0009545549376604373
2020-12-21,-0.023327415597705528
2020-12-22,0.02474913920885007
2020-12-23,0.0017080681669827775
2020-12-24,-0.0034590643528195435
2020-12-25,0.0
2020-12-28,0.0
2020-12-29,0.01395391727539557
2020-12-30,-0.00802466343516848
2020-12-31,-0.0013966710091229493
2021-01-01,0.0
2021-01-04,0.0
2021-01-05,-0.027683588486323935
2021-01-06,-0.0017276762494058298
2021-01-07,0.0069495341708649605
2021-01-08,0.032627773219893616
2021-01-11,-0.012866468995150062
2021-01-12,-0.008952823090978359
2021-01-13,-0.0006482091190828934
2021-01-14,0.016364734677645425
2021-01-15,-0.01322813693132172
2021-01-18,0.0
2021-01-19,0.0
2021-01-20,0.029988365218545324
2021-01-21,0.022482418118565564
2021-01-22,0.005832350218442786
2021-01-25,0.02514085581962911
2021-01-26,0.00011256292074466896
2021-01-27,-0.015227648321669294
2021-01-28,-0.023214823325706117
2021-01-29,-0.006292424776816026
2021-02-01,-0.007305981404251933
2021-02-02,0.020283244873523495
2021-02-03,0.021666968730907274
2021-02-04,0.001966563687563059
2021-02-05,0.00924600285660034
2021-02-08,0.006435087775723522
2021-02-09,0.000949115616542589
2021-02-10,0.0047964220095335205
2021-02-11,-0.004794230019204428
2021-02-12,-0.004374222699865556
2021-02-15,0.0
2021-02-16,0.0
2021-02-17,-0.02466226802917633
2021-02-18,-0.009268594913910327
2021-02-19,0.005593926910771634
2021-02-22,-0.023222556431822892
2021-02-23,-0.03495199268557327
2021-02-24,0.021633664133938496
2021-02-25,0.0035669217408776646
2021-02-26,-0.020164616401727176
2021-03-01,0.01021935402004371
2021-03-02,0.02833746341521797
2021-03-03,-0.024565012319959993
2021-03-04,-0.03133482249456304
2021-03-05,-0.011577803142915939
2021-03-08,-2.751349472512658e-05
2021-03-09,-0.006402383391447673
2021-03-10,0.030991541820317478
2021-03-11,0.001572292631458296
2021-03-12,-0.010798095468462008
2021-03-15,0.008864643722187272
2021-03-16,0.01960134961864085
2021-03-17,-0.018397064366198763
2021-03-18,-0.0006881803978062292
2021-03-19,-0.02382511700648419
2021-03-22,0.009934812662918697
2021-03-23,0.017091092562209052
2021-03-24,-0.0025790246778426727
2021-03-25,-0.03339846178518438
2021-03-26,0.007483930037919149
2021-03-29,0.004008127439457812
2021-03-30,-0.008836730906121328
2021-03-31,0.015006881253246899
2021-04-01,0.024553998973197495
2021-04-02,0.0
2021-04-05,0.0
2021-04-06,0.010793360652474975
2021-04-07,-0.0014017975654114037
2021-04-08,0.0156528716919832
2021-04-09,0.0037992797600996954
2021-04-12,0.011062776464926295
2021-04-13,0.006702160305176706
2021-04-14,0.01801272592606717
2021-04-15,-0.00938060677638253
2021-04-16,0.0028510636037729015
2021-04-19,-0.007050748764570877
2021-04-20,0.006703141872841238
2021-04-21,-0.024937881598919052
2021-04-22,0.012089411996192356
2021-04-23,-0.010357087895372185
2021-04-26,0.016768484708788493
2021-04-27,0.001700518714764617
2021-04-28,-0.006713219205616597
2021-04-29,0.00865476166610574
2021-04-30,-0.025247531048720788
2021-05-03,0.010929702530240917
2021-05-04,-0.014625117637578034
2021-05-05,-0.007239091963614172
2021-05-06,-0.00866932155377884
2021-05-07,0.013846162597278503
2021-05-10,-0.006569194914877561
2021-05-11,-0.047600004015864276
2021-05-12,0.0017417622709102504
2021-05-13,0.0032476449677427007
2021-05-14,0.0029257797355320236
2021-05-17,0.0009415683527399646
2021-05-18,-0.0020394795078951694
2021-05-19,-0.025299685249447618
2021-05-20,0.022794547988509925
2021-05-21,0.021884969447330926
2021-05-24,-0.008266488419313978
2021-05-25,0.018773602407443253
2021-05-26,-0.002663520532561088
2021-05-27,0.0015489620224637959
2021-05-28,0.00018682980238914036
2021-05-31,0.0
2021-06-01,0.0
2021-06-02,-0.0060884093531710145
2021-06-03,-0.004700793125595808
2021-06-04,-0.0013898759655141149
2021-06-07,0.014344194358564434
2021-06-08,0.007960717183066176
2021-06-09,-0.0009214911071478688
2021-06-10,-0.0030859074280561558
2021-06-11,0.005815211994655023
2021-06-14,0.0070120089837484075
2021-06-15,0.01138571628553079
2021-06-16,-0.006353993873097975
2021-06-17,-0.005425767062958938
2021-06-18,0.01390229206182939
2021-06-21,0.001299784038416518
2021-06-22,0.0064508544979072656
2021-06-23,0.013352344554581409
2021-06-24,0.013951378887433525
2021-06-25,0.003103538235259233
2021-06-28,-0.00246406584594624
2021-06-29,0.009556694461734893
2021-06-30,0.0019207036653397876
2021-07-01,0.0006808723055135525
2021-07-02,0.00955799879655257
2021-07-05,0.0
2021-07-06,0.0
2021-07-07,0.010170592267084212
2021-07-08,-0.021776212426573627
2021-07-09,0.011192549098074621
2021-07-12,0.018292130724966608
2021-07-13,0.0011419280649212502
2021-07-14,0.011948673100774288
2021-07-15,-0.0002623847262489211
2021-07-16,-0.009025934371429319
2021-07-19,-0.031112939324129316
2021-07-20,0.005839595305967687
2021-07-21,0.009546170636931452
2021-07-22,0.006137808526948233
2021-07-23,0.00658814612070655
2021-07-26,0.004895615074087516
2021-07-27,0.00516189546492783
2021-07-28,-0.011270705664988695
2021-07-29,-0.004850679818676613
2021-07-30,-0.003316661218364141
2021-08-02,0.010433647967741698
2021-08-03,-0.0020080550913104856
2021-08-04,0.0027884786098677605
2021-08-05,0.004405892936738333
2021-08-06,0.004091061051226045
2021-08-09,-0.0012581652518957663
2021-08-10,0.00017138027826932246
2021-08-11,-0.0034264237990995457
2021-08-12,-0.0038069675128265617
2021-08-13,0.016027528581966544
2021-08-16,-0.004156188375340168
2021-08-17,-0.0033194716722277917
2021-08-18,-0.004291191613370804
2021-08-19,-0.014660934526494111
2021-08-20,0.017677724210466247
2021-08-23,0.01372101627722943
2021-08-24,0.01419946470542133
2021-08-25,0.0009767705840509624
2021-08-26,-0.0035465031900987205
2021-08-27,-0.004696846586039365
2021-08-30,0.015018029702622697
2021-08-31,0.016700357528468344
2021-09-01,0.0007200795637296591
2021-09-02,0.0056629245427835375
2021-09-03,-0.005061202234168221
2021-09-06,0.0
2021-09-07,0.0
2021-09-08,0.010877898239854238
2021-09-09,-0.007080919831816041
2021-09-10,-0.0010304845170029432
2021-09-13,-0.014032264925950817
2021-09-14,-0.004443432112070012
2021-09-15,-0.00461946863126867
2021-09-16,0.001952566813693715
2021-09-17,0.0018710830980774938
2021-09-20,-0.030284983869634362
2021-09-21,0.0014173610720685209
2021-09-22,-0.0017267867625384015
2021-09-23,0.016115357093356604
2021-09-24,-0.0033470644004374257
2021-09-27,0.00047972288477460566
2021-09-28,-0.010182090088833048
2021-09-29,-0.010520498951493868
2021-09-30,0.0018277928481323488
2021-10-01,-0.006221053878027899
2021-10-04,0.006642508790820682
2021-10-05,-0.01610728998582074
2021-10-06,0.00388926595141361
2021-10-07,0.028550667882319244
2021-10-08,0.003153899192332008
2021-10-11,-0.012410747844997847
2021-10-12,0.004032474248447834
2021-10-13,-0.004208943303870072
2021-10-14,0.008318020942913198
2021-10-15,0.01392170907867052
2021-10-18,-0.0012890593127880374
2021-10-19,0.01868671591285671
2021-10-20,0.002050328976235039
2021-10-21,-0.007874712704489919
2021-10-22,0.006888826101871826
2021-10-25,0.007874175235936252
2021-10-26,0.015358730147902755
2021-10-27,0.0014897312505874275
2021-10-28,0.009062094851496817
2021-10-29,-0.006597828081756126
2021-11-01,0.01713059175177675
2021-11-02,-0.0018757472362784676
2021-11-03,0.007845447343198834
2021-11-04,0.012317763207548259
2021-11-05,0.011795665956110176
2021-11-08,-0.006938901689869819
2021-11-09,-0.0016159045479490293
2021-11-10,-0.027866833943859862
2021-11-11,0.0028342812026283513
2021-11-12,-0.006730062110482782
2021-11-15,0.01123396254139798
2021-11-16,-0.005475671763513718
2021-11-17,0.010813821210669781
2021-11-18,0.013441652506479697
2021-11-19,0.007395193793030688
2021-11-22,0.011226034590334538
2021-11-23,-0.014296207943785303
2021-11-24,-0.011383006998153127
2021-11-25,0.0
2021-11-26,0.0
2021-11-29,-0.001125655417739989
2021-11-30,0.00622146591267183
2021-12-01,0.015859972759420263
2021-12-02,-0.042972981795695406
2021-12-03,0.023078111970912873
2021-12-06,-0.0198718191884699
2021-12-07,0.029031496000703847
2021-12-08,0.015130295046466737
2021-12-09,0.007974152263402944
2021-12-10,-0.006887791290685625
2021-12-13,0.005799274657306922
2021-12-14,-0.03438527870436106
2021-12-15,0.0014870191551682329
2021-12-16,0.03161469586528341
2021-12-17,-0.04828900676318117
2021-12-20,-0.011882324369258762
2021-12-21,0.015921207172459952
2021-12-22,0.017304041670400463
2021-12-23,0.020614012565198927
2021-12-24,0.0
2021-12-27,0.0
2021-12-28,0.016832806225263505
2021-12-29,-0.007540042855485042
2021-12-30,-0.004004726155838372
2021-12-31,-0.0019513349983697331
2022-01-03,0.005247967728483818
2022-01-04,0.015442044495569955
2022-01-05,-0.02267102242522369
2022-01-06,-0.04017614650961607
2022-01-07,0.006077516042784421
2022-01-10,-0.027387955911424115
2022-01-11,0.01421218088381879
2022-01-12,0.0222562379857817
2022-01-13,0.0013462953392079722
2022-01-14,-0.04471594166943274
2022-01-17,0.0
2022-01-18,0.0
2022-01-19,-0.0029152148399251535
2022-01-20,-0.008809228534292904
2022-01-21,-0.052389049670102626
2022-01-24,-0.05089181944032188
2022-01-25,0.004600496717352564
2022-01-26,0.02604007070923022
2022-01-27,-0.006688606930067722
2022-01-28,-0.01653716620791948
2022-01-31,0.03608557423606226
2022-02-01,0.043088670880703575
2022-02-02,-0.0024011198802460746
2022-02-03,-0.033519251966779795
2022-02-04,-0.017081478577219374
2022-02-07,0.01489597566722722
2022-02-08,-0.0188855294692949
2022-02-09,0.025730684157620608
2022-02-10,-0.00046558941390310415
2022-02-11,-0.006283048458139403
2022-02-14,-0.041980282851230066
2022-02-15,0.029906518211146815
2022-02-16,0.007319185228470841
2022-02-17,-0.011682376508773844
2022-02-18,-0.01835529055472719
2022-02-21,0.0
2022-02-22,0.0
2022-02-23,0.008361651489234526
2022-02-24,-0.08618183371944263
2022-02-25,0.09567798385672353
2022-02-28,0.0035510988807615942
2022-03-01,0.01707397528369234
2022-03-02,-0.012070151684440625
2022-03-03,0.014780355650373032
2022-03-04,-0.03402353408182038
2022-03-07,-0.012568717630067068
2022-03-08,-0.04627121564092796
2022-03-09,0.03277357367292971
2022-03-10,-0.001590027363737122
2022-03-11,0.007637315698331107
2022-03-14,-0.0439515608974169
2022-03-15,-0.005336290368965924
2022-03-16,0.0444617275581462
2022-03-17,0.021491132899428927
2022-03-18,0.023311661331133375
2022-03-21,0.02750489095926001
2022-03-22,0.0014217730990038746
2022-03-23,0.012628810631801745
2022-03-24,0.007385465262432688
2022-03-25,0.01519209318890453
2022-03-28,-0.00034675420107254225
2022-03-29,0.02785135700018266
2022-03-30,0.004148313510485708
2022-03-31,-0.009307571592032252
2022-04-01,-0.017518391776045125
2022-04-04,-0.00039072585662044534
2022-04-05,0.024615052501722575
2022-04-06,-0.04249678647346826
2022-04-07,-0.01816306453126964
2022-04-08,-0.0025108839595066024
2022-04-11,-0.03265879865939228
2022-04-12,0.0068031624332661805
2022-04-13,-0.025597286818416266
2022-04-14,0.02104272413058013
2022-04-15,0.0
2022-04-18,0.0
2022-04-19,0.0006705954687641518
2022-04-20,-0.010312301850296642
2022-04-21,-0.018879320697984384
2022-04-22,-0.03562324957092297
2022-04-25,-0.03597214775975119
2022-04-26,0.011788603522554333
2022-04-27,-0.046509802413726785
2022-04-28,0.010619484599095
2022-04-29,0.019949905182359583
2022-05-02,-0.035925063027029046
2022-05-03,0.02925784181277112
2022-05-04,0.002747127891640739
2022-05-05,0.01749684817757973
2022-05-06,-0.0487134980462276
2022-05-09,-0.0319383096847293
2022-05-10,0.002606669700824413
2022-05-11,-0.020270707801701513
2022-05-12,-0.0595811816833233
2022-05-13,0.034367194923065524
2022-05-16,0.02086306097591443
2022-05-17,0.01124262118464332
2022-05-18,-0.012220763313459356
2022-05-19,-0.04075317623241454
2022-05-20,0.017779862832668726
2022-05-23,-0.024413254168861708
2022-05-24,0.002294380013976877
2022-05-25,-0.018786097163547656
2022-05-26,0.015413550642735618
2022-05-27,0.05333078453480981
2022-05-30,0.0
2022-05-31,0.0
2022-06-01,0.004772384561235469
2022-06-02,-0.023573059967644493
2022-06-03,0.015491469440785634
2022-06-06,0.005210143435672888
2022-06-07,-0.02575244667035992
2022-06-08,0.02215842542239877
2022-06-09,-0.003867688495559779
2022-06-10,-0.051464405770687074
2022-06-13,-0.05329196891002156
2022-06-14,-0.011808606493565799
2022-06-15,0.006714269421500087
2022-06-16,-0.005755769473880444
2022-06-17,-0.014461751866993045
2022-06-20,0.0
2022-06-21,0.0
2022-06-22,-0.004693291136593025
2022-06-23,0.020651059996850945
2022-06-24,0.01253282692584128
2022-06-27,0.03765812144296704
2022-06-28,-0.013937277218329543
2022-06-29,-0.04603833524115813
2022-06-30,-0.013760487511126324
2022-07-01,-0.010707223216671514
2022-07-04,0.0
2022-07-05,0.0
2022-07-06,0.04437560786944433
2022-07-07,0.00878382393369541
2022-07-08,0.008298221882298678
2022-07-11,0.0038548559336387704
2022-07-12,-0.019204437038192745
2022-07-13,-0.03442978012857414
2022-07-14,0.01576096876077543
2022-07-15,0.022647263276017304
2022-07-18,0.03355316441437384
2022-07-19,-0.0028253221933303633
2022-07-20,0.027064079695235048
2022-07-21,0.02903806827096777
2022-07-22,0.016655251786038525
2022-07-25,-0.020069784801391644
2022-07-26,-0.01219550730985432
2022-07-27,0.006506433596854346
2022-07-28,0.03616354087809208
2022-07-29,0.011915925211738934
2022-08-01,0.012659746359392411
2022-08-02,-0.005456700661752727
2022-08-03,0.02643356101249189
2022-08-04,0.018336725846905422
2022-08-05,-0.01521057082600198
2022-08-08,0.0016071068981053068
2022-08-09,-0.007380517475671838
2022-08-10,0.02433417877865056
2022-08-11,0.02568682723452738
2022-08-12,-0.008123048565458217
2022-08-15,0.015613367614624847
2022-08-16,0.012347558094681346
2022-08-17,-0.01375327914780295
2022-08-18,-0.0010616214060222865
2022-08-19,-0.006686747557139349
2022-08-22,-0.03016324482459885
2022-08-23,-0.016394876895772154
2022-08-24,0.0008644881067977586
2022-08-25,0.009881193256410707
2022-08-26,0.013710236133338721
2022-08-29,-0.05596433877147901
2022-08-30,0.010278505316861355
2022-08-31,-0.007989441049930799
2022-09-01,-0.029709841249347693
2022-09-02,0.018804207744369625
2022-09-05,0.0
2022-09-06,0.0
2022-09-07,-0.008059254278488005
2022-09-08,0.009755355785831095
2022-09-09,0.021394278247442274
2022-09-12,0.021201823719179544
2022-09-13,-0.022804154551863756
2022-09-14,-0.01879692293367392
2022-09-15,0.0032333907202339533
2022-09-16,-0.01565139317870938
2022-09-19,0.0012896100988227287
2022-09-20,0.00813653032211958
2022-09-21,0.008037478730135482
2022-09-22,-0.026558091467650605
2022-09-23,-0.020523547705704318
2022-09-26,-0.015061171241195985
2022-09-27,0.012459377381340639
2022-09-28,-0.015071205392289795
2022-09-29,0.013914671417968467
2022-09-30,-0.025691201722862027
2022-10-03,-0.009995991637007623
2022-10-04,0.032063714948074425
2022-10-05,-0.0033094154224479694
2022-10-06,0.00679026710803814
2022-10-07,-0.02140289195148228
2022-10-10,-0.02838171775980286
2022-10-11,-0.01819313355226616
2022-10-12,-0.013544153899711139
2022-10-13,-0.029566717319108884
2022-10-14,0.07545208435139623
2022-10-17,-0.02288635973901034
2022-10-18,0.05117051951971291
2022-10-19,-0.017371185468902248
2022-10-20,-0.0009164781548145145
2022-10-21,-0.007047167432593756
2022-10-24,0.03319772939057473
2022-10-25,0.012053874464301916
2022-10-26,-0.001303315855191255
2022-10-27,0.011494864754311912
2022-10-28,-0.016297388994480837
2022-10-31,0.021007180557080205
2022-11-01,0.009221258240821345
2022-11-02,-0.028414439057458503
2022-11-03,-0.052191977774728227
2022-11-04,0.00878143867828106
2022-11-07,-0.01062204962677962
2022-11-08,0.009165847933050092
2022-11-09,-0.019575497933139473
2022-11-10,0.02500790625579498
2022-11-11,0.027982577332411288
2022-11-14,0.02788784926866181
2022-11-15,0.02588439175944658
2022-11-16,-0.016191140007996006
2022-11-17,-0.030103927743986823
2022-11-18,0.020921105066184054
2022-11-21,-0.013978975668127705
2022-11-22,-0.017964984679600646
2022-11-23,0.011183934690360275
2022-11-24,0.0
2022-11-25,0.0
2022-11-28,-0.015230610890482983
2022-11-29,-0.0072488106278585495
2022-11-30,-0.012116671908858453
2022-12-01,0.05661535496556062
2022-12-02,-0.0138292984886176
2022-12-05,0.0018612708160817197
2022-12-06,-0.013204660779731404
2022-12-07,-0.02989636140484124
2022-12-08,0.006856233706077145
2022-12-09,0.0077368924020858815
2022-12-12,0.0011129737914145007
2022-12-13,0.043985605331213845
2022-12-14,-0.034322644470330815
2022-12-15,-0.03155659909662977
2022-12-16,-0.01998885365259891
2022-12-19,-0.011774844993574556
2022-12-20,-0.02638042250494742
2022-12-21,0.013598593203982823
2022-12-22,0.009103222593430393
2022-12-23,-0.026922260474299263
2022-12-26,0.0
2022-12-27,0.0
2022-12-28,-0.029628881140116768
2022-12-29,0.0007398693681713313
2022-12-30,0.00317639549628486
2023-01-02,0.0
2023-01-03,0.0
2023-01-04,-0.028898664282269008
2023-01-05,-0.005826132482828353
2023-01-06,-0.009319729252507044
2023-01-09,0.03555521885545686
2023-01-10,0.004289158538811219
2023-01-11,0.01304329293385469
2023-01-12,0.01841377211125462
2023-01-13,-0.0022962430317749086
2023-01-16,0.0
2023-01-17,0.0
2023-01-18,0.022523257330753842
2023-01-19,-0.02700407714356446
2023-01-20,0.005263037399579529
2023-01-23,0.03261422337829411
2023-01-24,0.01993931813102586
2023-01-25,-0.005059251167017773
2023-01-26,0.028284499751360572
2023-01-27,0.002411505499676045
2023-01-30,0.008057107834856128
2023-01-31,-0.01865352447255935
2023-02-01,0.01591677455848155
2023-02-02,0.044648153886331754
2023-02-03,-0.002225971290771421
2023-02-06,0.011002455830633525
2023-02-07,0.00359677078803079
2023-02-08,0.03466264158158105
2023-02-09,0.0026696492453025297
2023-02-10,-0.03463754315296286
2023-02-13,0.009073234856108527
2023-02-14,0.009038315217004872
2023-02-15,0.011131630561435627
2023-02-16,-0.007312215926221955
2023-02-17,-0.013832724033925773
2023-02-20,0.0
2023-02-21,0.0
2023-02-22,-0.008298696907368223
2023-02-23,0.03854004847862559
2023-02-24,-0.017698530891550882
2023-02-27,0.009329713478305987
2023-02-28,-0.00873857501030033
2023-03-01,-0.000977102734976934
2023-03-02,-0.020129079397380352
2023-03-03,0.027643215440511973
2023-03-06,0.029744943239744248
2023-03-07,-0.0034224933128422634
2023-03-08,-0.006296733831854584
2023-03-09,0.01152896541636572
2023-03-10,-0.02346131485346359
2023-03-13,-0.018669612279342246
2023-03-14,0.029361416492997044
2023-03-15,0.005667364217131234
2023-03-16,0.011035789506068034
2023-03-17,0.04552448459595467
2023-03-20,-0.00791697279689932
2023-03-21,0.010873762647440263
2023-03-22,0.007286510252977367
2023-03-23,0.009204063244904782
2023-03-24,-0.0013096595906623557
2023-03-27,0.004544659409789996
2023-03-28,-0.013989433679037778
2023-03-29,0.010877896631971615
2023-03-30,0.01526485018234552
2023-03-31,0.0015598558984585775
2023-04-03,0.011490107955411076
2023-04-04,0.01186474012115821
2023-04-05,-0.016947364897839094
2023-04-06,-0.011603092021542381
2023-04-07,0.0
2023-04-10,0.0
2023-04-11,0.008287523144693616
2023-04-12,-0.007512350786816456
2023-04-13,-0.005590988951196428
2023-04-14,0.010011858186829078
2023-04-17,0.004646690760656671
2023-04-18,0.013582907692658705
2023-04-19,-0.007249451254070703
2023-04-20,0.003060210520297109
2023-04-21,-0.0098370783346208
2023-04-24,-0.0021469946766505244
2023-04-25,-0.0011091824959584976
2023-04-26,0.008226400426855567
2023-04-27,0.009258533020566196
2023-04-28,0.015519009356446402
2023-05-01,0.010425662321174691
2023-05-02,0.01057892541585344
2023-05-03,-0.009982531508063563
2023-05-04,-0.015605939058827161
2023-05-05,0.019624703479575477
2023-05-08,0.016070135468431206
2023-05-09,0.0032182398386635205
2023-05-10,0.0018358541824163692
2023-05-11,0.001944953619250564
2023-05-12,-0.0037305064718327493
2023-05-15,-0.002684873384903388
2023-05-16,0.002428633308877037
2023-05-17,0.011425821071029657
2023-05-18,0.014201952647181429
2023-05-19,0.021216362095348624
2023-05-22,-0.009308760343908646
2023-05-23,0.0009354954785883116
2023-05-24,-0.017942686935726527
2023-05-25,0.10330935545639908
2023-05-26,-0.0029135889245309656
2023-05-29,0.0
2023-05-30,0.0
2023-05-31,-0.011316251121030156
2023-06-01,-0.01411731683005695
2023-06-02,0.028681483510720935
2023-06-05,-0.005962482021204032
2023-06-06,-0.005422412961535361
2023-06-07,-0.005727866151889772
2023-06-08,-0.01895950878968904
2023-06-09,0.019427518738199246
2023-06-12,0.004651745266402286
2023-06-13,0.01717299811736661
2023-06-14,0.006201924371554521
2023-06-15,0.018720791132803744
2023-06-16,0.025324063219701477
2023-06-19,0.0
2023-06-20,0.0
2023-06-21,0.0018968463834235089
2023-06-22,-0.013883923655053032
2023-06-23,0.005187669334286981
2023-06-26,0.0016378532744603736
2023-06-27,-0.01658227245679359
2023-06-28,0.00533494151816434
2023-06-29,0.009451424326660818
2023-06-30,0.008501543472249613
2023-07-03,0.011854869477696458
2023-07-04,0.0
2023-07-05,0.0
2023-07-06,-0.0031139153453596676
2023-07-07,0.00856068514432544
2023-07-10,-0.005742392790381812
2023-07-11,-0.005078033295371688
2023-07-12,0.010825730966887501
2023-07-13,0.01587506220339358
2023-07-14,0.022872236613575802
2023-07-17,-0.0010091019132289455
2023-07-18,0.005630179004600094
2023-07-19,0.020359762003316646
2023-07-20,-0.010823137998611185
2023-07-21,-0.011011939547645034
2023-07-24,-0.012030373104903494
2023-07-25,0.002641490681125178
2023-07-26,0.0031515814786954055
2023-07-27,0.006714667322663207
2023-07-28,-0.007895061646783733
2023-07-31,0.00624103647766001
2023-08-01,-0.0035015198927866135
2023-08-02,-0.008102579297869731
2023-08-03,-0.028325315371994727
2023-08-04,0.004503571739383
2023-08-07,-0.008682723250181856
2023-08-08,-0.007803531531945625
2023-08-09,-0.002613489846053901
2023-08-10,-0.018937116013087993
2023-08-11,-0.01268989642261101
2023-08-14,-0.007701437455404008
2023-08-15,0.036916650730752246
2023-08-16,-0.005129704124159495
2023-08-17,-0.004369349377362155
2023-08-18,-0.025519722737543677
2023-08-21,0.023539313265746337
2023-08-22,0.039002664399872156
2023-08-23,-0.014684428406037531
2023-08-24,0.0449234776132433
2023-08-25,-0.03873459709876411
2023-08-28,0.005679312149985312
2023-08-29,-0.003271441852583728
2023-08-30,0.033737614431649854
2023-08-31,0.008047985205382595
2023-09-01,0.007643192431201043
2023-09-04,0.0
2023-09-05,0.0
2023-09-06,0.006184681734271912
2023-09-07,-0.045545301478730545
2023-09-08,0.007877686956080295
2023-09-11,0.01192953433484007
2023-09-12,-0.012661780418116754
2023-09-13,-0.011039028248919072
2023-09-14,0.013237513523762179
2023-09-15,-0.001858611278931799
2023-09-18,-0.028085915980727082
2023-09-19,0.008767297936068463
2023-09-20,0.004908757746825156
2023-09-21,-0.03454774198600579
2023-09-22,0.0022918182576961254
2023-09-25,-0.005651428529943559
2023-09-26,0.002935169856596257
2023-09-27,-0.004577215024945558
2023-09-28,-0.006708324076654136
2023-09-29,0.02325276869901415
2023-10-02,-0.0015483231534659803
2023-10-03,0.012709906407508529
2023-10-04,-0.017259135801390248
2023-10-05,0.012978511965122591
2023-10-06,-0.0015520804393650619
2023-10-09,0.01930282728116542
2023-10-10,0.01228499329340646
2023-10-11,0.006956959696839749
2023-10-12,0.007046285229715757
2023-10-13,0.005628124296437166
2023-10-16,-0.0233796283664698
2023-10-17,-0.009521659719475023
2023-10-18,-0.009760407959640454
2023-10-19,0.0022542484291491168
2023-10-20,-0.008984939054846167
2023-10-23,-0.019906303306706463
2023-10-24,0.025085522572092997
2023-10-25,0.01403456149294364
2023-10-26,-0.019123598046247487
2023-10-27,-0.02242395586904637
2023-10-30,0.006871678013975403
2023-10-31,0.0009215929795977126
2023-11-01,0.007748840225075959
2023-11-02,0.036045536412557554
2023-11-03,0.0051871545112528545
2023-11-06,0.017314997187724827
2023-11-07,0.014097496719330619
2023-11-08,0.010789724232211017
2023-11-09,0.011570785742855463
2023-11-10,0.0017681653555604094
2023-11-13,0.015312196890884486
2023-11-14,0.015279992873387431
2023-11-15,0.002896910299545516
2023-11-16,-0.005619320261183864
2023-11-17,0.009363098503909956
2023-11-20,-0.004190066859445107
2023-11-21,0.012166440442677569
2023-11-22,0.00038463529273599786
2023-11-23,0.0
2023-11-24,0.0
2023-11-27,-0.006752603789513807
2023-11-28,0.0041836113420228044
2023-11-29,0.00772170044230782
2023-11-30,-0.0088743109151874
2023-12-01,-0.011067704236755065
2023-12-04,-0.010599861518859574
2023-12-05,-0.006380848453963926
2023-12-06,0.02670246332507371
2023-12-07,-0.016839853437235083
2023-12-08,0.008387296184880084
2023-12-11,0.0038888834274358793
2023-12-12,-0.008050056540000116
2023-12-13,0.01957658482522306
2023-12-14,0.007929627814967675
2023-12-15,-0.007943126571054055
2023-12-18,0.008273808614482252
2023-12-19,0.002121418441407961
2023-12-20,0.005964946589579585
2023-12-21,-0.009188913240782108
2023-12-22,0.0020606188174040114
2023-12-25,0.0
2023-12-26,0.0
2023-12-27,0.0006036584292889684
2023-12-28,0.005244454959431593
2023-12-29,0.0012888460317495437
2024-01-01,0.0
2024-01-02,0.0
2024-01-03,-0.02144952007506731
2024-01-04,-0.00026644457966847404
2024-01-05,0.0030283400227918574
2024-01-08,0.007703485812086245
2024-01-09,0.02524595420267754
2024-01-10,0.012414848670240263
2024-01-11,0.021086763995845956
2024-01-12,-0.0035950226685496282
2024-01-15,0.0
2024-01-16,0.0
2024-01-17,0.0016137972454382012
2024-01-18,0.017477598907564344
2024-01-19,0.013485303081043051
2024-01-22,0.020658303855306422
2024-01-23,-0.0015021878663026087
2024-01-24,0.009667678262067296
2024-01-25,0.013275977010140739
2024-01-26,-0.00901206862483297
2024-01-29,-0.0009973295259563446
2024-01-30,0.012312280994259432
2024-01-31,-0.018830874928204403
2024-02-01,-0.006056717710570095
2024-02-02,0.004219260944226249
2024-02-05,0.042540408701000454
2024-02-06,0.0013101227963913844
2024-02-07,0.0017482269849822551
2024-02-08,0.01178480759582159
2024-02-09,0.002270800845598522
2024-02-12,0.013624402151043621
2024-02-13,-0.027169307831747078
2024-02-14,0.01565734846825524
2024-02-15,-8.929256420278512e-05
2024-02-16,0.0006591482872249279
2024-02-19,0.0
2024-02-20,0.0
2024-02-21,-0.020521536386444928
2024-02-22,0.04557175475470471
2024-02-23,0.032846507681606164
2024-02-26,-0.012864061064483815
2024-02-27,-0.006230510075875495
2024-02-28,-0.004644201030433218
2024-02-29,0.004440964359775873
2024-03-01,0.00280061916544767
2024-03-04,0.012655069706725473
2024-03-05,-0.00524774243335458
2024-03-06,0.0024941762135458623
2024-03-07,0.006972601856857943
2024-03-08,0.019626769796598203
2024-03-11,-0.026174013309363562
2024-03-12,0.009839317726734687
2024-03-13,0.019218563331938384
2024-03-14,-0.0034343943123427926
2024-03-15,-0.013957876192999617
2024-03-18,0.01782138935430516
2024-03-19,-0.013055200267689667
2024-03-20,0.01787216996863134
2024-03-21,0.01799916659312334
2024-03-22,-0.014245979404338789
2024-03-25,0.004471405359327275
2024-03-26,0.005953356959086205
2024-03-27,-0.009637535280206506
2024-03-28,-0.01125264279011276
2024-03-29,0.0
2024-04-01,0.0
2024-04-02,-0.013960595893531888
2024-04-03,-0.0007374732681673865
2024-04-04,0.014379860476533562
2024-04-05,-0.01832831331192721
2024-04-08,0.010032103755174916
2024-04-09,-0.004382698105413963
2024-04-10,-0.01652754346922336
2024-04-11,0.01583488345465817
2024-04-12,0.01902656748477339
2024-04-15,0.0018752423907326223
2024-04-16,-0.026232318705397172
2024-04-17,0.005355962261838186
2024-04-18,-0.0211097971009138
2024-04-19,-0.016107853971535274
2024-04-22,-0.024871133307279927
2024-04-23,0.01449739846378248
2024-04-24,0.019913691483077842
2024-04-25,-0.026833694995796274
2024-04-26,0.03695497556105371
2024-04-29,0.016272248031115443
2024-04-30,-0.004520560246897179
2024-05-01,-0.022848908434190573
2024-05-02,0.007586461811611818
2024-05-03,0.044378193796853004
2024-05-06,0.003769125422204464
2024-05-07,0.013191155602756825
2024-05-08,-0.012216641927928026
2024-05-09,0.00532773680506475
2024-05-10,0.0058297976814720666
2024-05-13,0.005704741236639571
2024-05-14,-0.004294103909968585
2024-05-15,0.016766297688525795
2024-05-16,0.0164402409631628
2024-05-17,-0.0029952996117032717
2024-05-20,-0.004341080579286268
2024-05-21,0.007812954939099132
2024-05-22,0.011228271839326889
2024-05-23,0.022934063436058194
2024-05-24,-0.0003104109925427534
2024-05-27,0.0
2024-05-28,0.0
2024-05-29,0.0021202401440404708
2024-05-30,0.005650903073963518
2024-05-31,-0.010935862289203532
2024-06-03,0.004828008039687196
2024-06-04,0.006666173135650447
2024-06-05,0.013297744137685018
2024-06-06,0.021427587880068374
2024-06-07,-0.011545462355935628
2024-06-10,0.004349891999794153
2024-06-11,-0.000985185564552949
2024-06-12,0.034856743691449775
2024-06-13,0.03322723554453341
2024-06-14,-0.0018562472034517905
2024-06-17,0.010301401871011917
2024-06-18,0.007318021631129439
2024-06-19,0.0
2024-06-20,0.0
2024-06-21,-0.03494285067681369
2024-06-24,-0.012601323417329583
2024-06-25,-0.004371632285791517
2024-06-26,0.01786195655103748
2024-06-27,0.002023566743525368
2024-06-28,0.0036222225550236772
2024-07-01,-0.01189960227726182
2024-07-02,0.00343656905416723
2024-07-03,0.011065977632032988
2024-07-04,0.0
2024-07-05,0.0
2024-07-08,0.013502230339086868
2024-07-09,0.009032243693859198
2024-07-10,0.007288450868929507
2024-07-11,0.008587957073667447
2024-07-12,-0.028177703101968068
2024-07-15,0.01622991008198083
2024-07-16,-0.006822120609140266
2024-07-17,-0.03480740736545274
2024-07-18,0.0038971505014331644
2024-07-19,-0.020438772545118798
2024-07-22,0.009935302444174933
2024-07-23,0.004445822516687729
2024-07-24,-0.012941008217433872
2024-07-25,-0.03350781039303664
2024-07-26,0.013407843824905143
2024-07-29,-0.014736340137180955
2024-07-30,-0.004404295831141113
2024-07-31,0.011319762965098666
2024-08-01,0.027120650001932547
2024-08-02,-0.07021335035554989
2024-08-05,-0.10214783913907524
2024-08-06,0.07957602913124558
2024-08-07,0.023012644312077016
2024-08-08,-0.011938269283452317
2024-08-09,0.015473471632734197
2024-08-12,0.013166850791820336
2024-08-13,0.03558431270719575
2024-08-14,0.030642707647552322
2024-08-15,0.010105584903091474
2024-08-16,0.011874513095742539
2024-08-19,0.013614255017787704
2024-08-20,0.01668617248825007
2024-08-21,-0.002544634948968742
2024-08-22,0.013406499354378154
2024-08-23,-0.020672961700063414
2024-08-26,0.017175980241510697
2024-08-27,-0.019118068531935036
2024-08-28,0.016522788185694796
2024-08-29,-0.021599070288454123
2024-08-30,-0.007344013414252957
2024-09-02,0.0
2024-09-03,0.0
2024-09-04,-0.060758970882588
2024-09-05,-0.002059898613497025
2024-09-06,0.01975910760094296
2024-09-09,-0.02161239456043381
2024-09-10,0.009666136274009505
2024-09-11,0.013128910247750368
2024-09-12,0.03644627612189438
2024-09-13,0.012012700742583132
2024-09-16,-0.025359168236633957
2024-09-17,0.004083870853264824
2024-09-18,-0.00547565636667605
2024-09-19,0.02339867437692618
2024-09-20,0.009831533652998357
2024-09-23,-0.007896573456952998
2024-09-24,0.002752462647643606
2024-09-25,0.015466375947638167
2024-09-26,0.02485525465531202
2024-09-27,-0.00860757031007912
2024-09-30,-0.019370167059412538
2024-10-01,0.013492326616124792
2024-10-02,-0.029793255855321044
2024-10-03,0.017577192228178162
2024-10-04,0.022752115868740555
2024-10-07,-0.007259353162776571
2024-10-08,0.020636269214747222
2024-10-09,0.016851310051193134
2024-10-10,-0.002541424586637306
2024-10-11,0.011296567729974213
2024-10-14,0.0078700939595459
2024-10-15,0.015863920442404346
2024-10-16,-0.01840950751180477
2024-10-17,0.023953744809997166
2024-10-18,0.0034861852357495476
2024-10-21,-0.005609531919011233
2024-10-22,0.016108299785483046
2024-10-23,-0.0026727108829113695
2024-10-24,-0.013017372591195215
2024-10-25,-0.00013118456605126718
2024-10-28,0.015135515715311137
2024-10-29,-0.009947045367124136
2024-10-30,-0.0037240723486894906
2024-10-31,-0.013980272386229044
2024-11-01,-0.028785832222511173
2024-11-04,0.009362240613939195
2024-11-05,0.0027072937846269497
2024-11-06,0.02186957828145441
2024-11-07,0.016533522142392287
2024-11-08,0.014338921826502673
2024-11-11,-0.005078687536542962
2024-11-12,-0.007389548587066056
2024-11-13,0.006598453389621708
2024-11-14,-0.0025421179449310726
2024-11-15,-0.006314565155868836
2024-11-18,-0.021073548022525118
2024-11-19,0.010363510148449401
2024-11-20,0.02392593905788854
2024-11-21,0.008378133727589653
2024-11-22,-0.013241083522220134
2024-11-25,-0.006045378855524716
2024-11-26,-0.011067149944453767
2024-11-27,-0.007324796462865699
2024-11-28,0.0
2024-11-29,0.0
2024-12-02,0.012731959838981875
2024-12-03,0.003299786189459773
2024-12-04,0.01990526880622699
2024-12-05,0.013291638012080411
2024-12-06,-0.00397041259331102
2024-12-09,-0.021690634973742
2024-12-10,0.010605770751458788
2024-12-11,-0.003767790617864348
2024-12-12,-0.0031768461085449626
2024-12-13,0.008667805191014582
2024-12-16,-0.016786787432006067
2024-12-17,-0.014753125788457258
2024-12-18,0.022634235138658455
2024-12-19,-0.017084368328880467
2024-12-20,-0.006308851366544375
2024-12-23,0.03848754667973103
2024-12-24,0.01506135407243609
2024-12-25,0.0
2024-12-26,0.0
2024-12-27,-0.004813148555884514
2024-12-30,-0.024284675638513206
2024-12-31,0.0008326133195810233
2025-01-01,0.0
2025-01-02,0.0
2025-01-03,-0.022375704461463156
2025-01-06,0.0039036021640509594
2025-01-07,-0.0054439365166908645
2025-01-08,-0.004362396647054848
2025-01-09,0.0
2025-01-10,0.0
2025-01-13,-0.026998942730559417
2025-01-14,0.005224187784744164
2025-01-15,-0.000468695744031864
2025-01-16,0.01154971966399141
2025-01-17,-0.02203492242084382
2025-01-20,0.0
2025-01-21,0.0
2025-01-22,-0.01879455738203843
2025-01-23,0.022521516926454842
2025-01-24,0.00017793062979022304
2025-01-27,-0.003381065694060049
2025-01-28,0.030488350449173984
2025-01-29,0.014164972743645919
2025-01-30,0.0194344762623536
2025-01-31,0.03569796893717276
2025-02-03,-0.06958220763096254
2025-02-04,-0.011913484358827515
2025-02-05,0.005632524743076476
2025-02-06,0.012077234534874333
2025-02-07,0.005663917524641803
2025-02-10,-0.011941505601949988
2025-02-11,-0.005967760898484834
2025-02-12,0.013146342001269545
2025-02-13,0.024697279974967054
2025-02-14,0.01831918330729683
2025-02-17,0.0
2025-02-18,0.0
2025-02-19,0.002088967262970503
2025-02-20,0.0011444414674031738
2025-02-21,0.004123334230278895
2025-02-24,-0.004147213037679572
2025-02-25,0.012534282289073577
2025-02-26,-0.014798364522609618
2025-02-27,-0.020136708266404287
2025-02-28,-0.010275341045097742
2025-03-03,0.02042626406731906
2025-03-04,-0.01687404308528136
2025-03-05,-0.009633624824591533
2025-03-06,-0.00416272902257606
2025-03-07,0.002857842335837964
2025-03-10,0.0018288914713669102
2025-03-11,-0.04980046669784994
2025-03-12,-0.01639774389660703
2025-03-13,-0.019033500531516732
2025-03-14,-0.021764243592629174
2025-03-17,0.00975154301728702
2025-03-18,0.003984871797416047
2025-03-19,0.00028002450789638237
2025-03-20,-0.0010735864709953058
2025-03-21,-0.01135571266755889
2025-03-24,0.04462096765299665
2025-03-25,-0.0010407821591495454
2025-03-26,0.012411106694033206
2025-03-27,-0.009484958483257132
2025-03-28,0.001264721641981346
2025-03-31,-0.02102232578717055
2025-04-01,0.012902747121822095
2025-04-02,0.006869549727259422
2025-04-03,-0.0712996040085771
2025-04-04,-0.05667985624477017
2025-04-07,-0.08607974884963117
2025-04-08,0.053611653162945326
2025-04-09,-0.07900370403565488
2025-04-10,0.09956384859784993
2025-04-11,-0.015708367595190238
2025-04-14,0.136163310834242
2025-04-15,-0.04530844730959111
2025-04-16,-0.017338765284055205
2025-04-17,-0.005847838923215809
2025-04-18,0.0
2025-04-21,0.0
2025-04-22,0.014746185193249928
2025-04-23,0.05037727803371683
2025-04-24,-0.005388340627144304
2025-04-25,0.007223352489345563
2025-04-28,0.017589758796191547
2025-04-29,-0.006238061552773148
2025-04-30,0.002923061447060224
2025-05-01,-0.0010511140842354926
2025-05-02,-0.014300815364914713
2025-05-05,-0.014508190906385481
2025-05-06,-0.024076811064638562
2025-05-07,0.004843247541451048
2025-05-08,-0.00728022425122444
2025-05-09,0.006473932892346947
2025-05-12,0.061540896770259014
2025-05-13,-0.0025596108253980285
2025-05-14,0.009504327196400545
2025-05-15,-0.006966978793420509
2025-05-16,0.0066840820262656355
2025-05-19,-0.020955045753207484
2025-05-20,-0.0011542800768021722
2025-05-21,-0.012038359890512235
2025-05-22,-0.02173804005077595
2025-05-23,-0.035075512971992524
2025-05-26,0.0
2025-05-27,0.0
2025-05-28,0.01154810614746325
2025-05-29,0.014906097670270593
2025-05-30,-0.020679867992376165
2025-06-02,0.004564396225966543
2025-06-03,0.0053424932376181416
2025-06-04,0.007747730758890166
2025-06-05,0.002907718528540572
2025-06-06,-0.002457067696287833
2025-06-09,0.006847356071421441
2025-06-10,-0.01854305512425328
2025-06-11,0.01445664212812449
2025-06-12,-0.02171985458855949
2025-06-13,0.0032649282456765636
2025-06-16,-0.012166335396741572
2025-06-17,-0.0005068525998705581
2025-06-18,-0.006389510027987139
2025-06-19,0.0
2025-06-20,0.0
2025-06-23,0.017100435354924472
2025-06-24,0.004761108156562864
2025-06-25,-0.005627010480672672
2025-06-26,-9.932739541717001e-05
2025-06-27,0.002283698022995466
2025-06-30,0.0005942991068132162
2025-07-01,0.02306817631085034
2025-07-02,0.01083860500879281
2025-07-03,0.015509074755644106
2025-07-04,0.0
2025-07-07,0.0
2025-07-08,-0.012130843262180283
2025-07-09,-0.0027129796291804724
2025-07-10,0.004677006249170771
2025-07-11,0.0002851887971355392
2025-07-14,-0.0030394401475141906
2025-07-15,-0.003382081051231445
2025-07-16,0.0051620955149398046
2025-07-17,0.0012839124838262932
2025-07-18,0.0014246197486164937
2025-07-21,0.005832991786349802
2025-07-22,0.00490336945893515
2025-07-23,0.008726610513614251
2025-07-24,-0.0051162748881204215
2025-07-25,0.003739998024908971
2025-07-28,-0.003120496588144939
2025-07-29,0.0007007551241072581
2025-07-30,-0.010645274881254538
2025-07-31,-0.0160923888470929
2025-08-01,0.011415373221473374
2025-08-04,-0.030160776402883827
2025-08-05,-0.005427647804176072
2025-08-06,0.010963664453007735
2025-08-07,0.06443612540501302
2025-08-08,0.008909049338525538
2025-08-11,0.03327745784294135
2025-08-12,0.00039478874916331225
2025-08-13,0.013420574415023352
2025-08-14,0.012939787681721774
2025-08-15,-0.0002564238022714817
2025-08-18,-0.009829090813949365
2025-08-19,-0.0018126242935821546
2025-08-20,-0.005620923830131199
2025-08-21,-0.016131826800726733
2025-08-22,-0.00044193806114416407
2025-08-25,0.0013706528266416967
2025-08-26,0.0017220069579271843
2025-08-27,0.0076696226678245214
2025-08-28,0.00966715287424501
2025-08-29,0.007321642743434178
2025-09-01,0.0
2025-09-02,0.0
2025-09-03,0.03472194150749964
2025-09-04,0.005227414963897482
2025-09-05,0.006500249088110845
2025-09-08,-0.002916632570559486
2025-09-09,-0.00961138604211183
2025-09-10,-0.020295319152829717
2025-09-11,-0.02286919462824523
2025-09-12,0.010313851336524387
2025-09-15,0.03394111199172211
2025-09-16,0.0007595129402372465
2025-09-17,0.007547029387645058
2025-09-18,0.004184600561930835
2025-09-19,0.005250635469673228
2025-09-22,0.0293081644900001
2025-09-23,0.030527612275998553
2025-09-24,-0.002579367054163922
2025-09-25,-0.007875564991746473
2025-09-26,0.0035148789288442597
2025-09-29,0.0018103121964366167
2025-09-30,0.0011785122666553426
2025-10-01,0.0007062552948416929
2025-10-02,0.0060382096515394935
2025-10-03,-0.007443970767275548
2025-10-06,0.013036458814176682
2025-10-07,-0.004573862488788287
2025-10-08,-0.0011292735683010523
2025-10-09,0.005028869095689935
2025-10-10,-0.011132174444623319
2025-10-13,-0.02180904496736009
2025-10-14,-0.011147658479678106
2025-10-15,0.011719364754875542
2025-10-16,-0.004970138844814588
2025-10-17,-0.0009265027014608834
2025-10-20,0.031731384699793044
2025-10-21,0.02340852188832827
2025-10-22,0.0
